BaselineOnly,CoClustering,KNNBasic_ItemBased,KNNBasic_UserBased,KNNWithMeans_ItemBased,KNNWithMeans_UserBased,NMF,NormalPredictor,SVD,SlopeOne
0.5715436146957692,0.572602184377944,0.5370756908789596,0.4811903708475212,0.5682494026334499,0.571193698530738,0.553849796637856,0.3980427546059171,0.5763661515761256,0.5711076028861272
0.5771568191591173,0.5426017021298845,0.5940890306019826,0.5295937645884379,0.5540625640511503,0.5663303387150078,0.5655872612487952,0.4341061658707804,0.5823237372359469,0.5382460018536712
0.5582093768186616,0.5758927441130013,0.5362696802736179,0.5717483636548796,0.5833656837567751,0.5603185240426163,0.5540926342841872,0.38527328904235736,0.5512130919261021,0.553697960142632
0.6336543019629428,0.6112624884759765,0.564130522558265,0.6286135632283096,0.6258027362473727,0.6209625974106352,0.6068255164951902,0.5454091444336049,0.6111617216236138,0.6366232355531828
0.5908593844163869,0.5796098310911475,0.5743856650400766,0.5568546013695883,0.5859892890005898,0.5778242578041192,0.5728371680167856,0.4272458016855913,0.5897825230252759,0.5601962605488245
0.569470924020246,0.5570936527814787,0.5499384628195092,0.5598156008409677,0.5541459543988289,0.5647625996995628,0.5594697470798514,0.4361351442705831,0.565640009334833,0.5539466480911852
0.6211843049649157,0.5418278906611256,0.5904705113542168,0.5371394233775344,0.548849399957314,0.5500482945236762,0.5291438114011626,0.45665675805856154,0.624963983855725,0.54906443823393
0.5456362638284733,0.5235340914178913,0.5298873465144248,0.5211384189185724,0.5251887591950873,0.5371741395876608,0.5554758115921202,0.45501411770772915,0.5644977936528041,0.5451097137358226
0.6053466913020091,0.5783637203936458,0.5668517364259761,0.5696970530541517,0.6016062888548819,0.6013334932099772,0.628774963707428,0.44418685463954705,0.6052722695911306,0.6150590214650157
0.4681619460842744,0.486837679465273,0.44950774049220904,0.46197307982940844,0.4833447403531279,0.4810319677864278,0.449241750714478,0.34823456559629684,0.4639748863572025,0.5022947563707699
0.5318271366168963,0.5072643111659084,0.5321171183167628,0.478287396904421,0.506247392956316,0.5110096100526921,0.49869753835274266,0.40832704488373467,0.5273099448022517,0.5004373114051733
0.518892689767092,0.5378677274834197,0.47448467083530227,0.5572308660968358,0.5457781164415723,0.564869264715365,0.5316750322390936,0.4389997740601276,0.5269828521338831,0.5747540107194988
0.48407488758754214,0.4212720215015995,0.47835494371756204,0.4571224032380467,0.4555572074546525,0.4635255710467799,0.434612237259412,0.40800860746444323,0.47643515233477174,0.45484718218869846
0.45544276782893833,0.4576385444668016,0.4357168669378187,0.4671411120247874,0.45649305825655745,0.4665854367114269,0.44624439937853727,0.4080830872658544,0.44667953184672443,0.453110394058061
0.5963380455931406,0.5678394870847266,0.5797180640080231,0.5574669577082936,0.5827964665140062,0.6073798582795086,0.5517322423554406,0.5304050727017667,0.603067181485853,0.5946225311578301
0.47073967325339605,0.4443295780720885,0.5107172779145239,0.46240193011380204,0.4604172582703421,0.4708354253137185,0.4619892648892698,0.46869532694487553,0.4715757307178423,0.4511409099846738
0.6368469721478641,0.6100486531516545,0.6276039627474012,0.6068422972176752,0.6153061668970374,0.632577271500273,0.6018494690929819,0.4814243075286036,0.6304954280570201,0.6028405135764382
0.6411243812530449,0.5933526524900787,0.6124733251776905,0.5275800721261723,0.602278490265313,0.6228688771446198,0.6024623915969547,0.4097862070832786,0.6394904476511569,0.6011858838852457
0.5483106191106051,0.5180066946099225,0.5589299983270739,0.445566974231963,0.5451072678007034,0.5497411081968688,0.5077407151217151,0.3846046566502821,0.5603105547728663,0.49953774797192635
0.6437850473689921,0.6254273827845926,0.6333363658175453,0.6020621427032721,0.6427662998419719,0.6442837317740692,0.6027025692380441,0.5625803937123693,0.6555953942725751,0.6487381499691839
0.685992095235379,0.6397052716333095,0.722130413567729,0.7236820831354828,0.7048577767805231,0.6421526952352636,0.6952563646831704,0.4748893465905772,0.6795251670332351,0.6637359382469759
0.572519329383211,0.5249672250866453,0.6161793643795425,0.5834040720187318,0.6176595981532519,0.5269658089357501,0.608849238554939,0.34846661247247973,0.578109567790202,0.5898797115684093
0.5605567339132524,0.5450644454354235,0.5513029664235799,0.5433060432418311,0.5520890486053599,0.5586151040107675,0.5465330239493343,0.4143455402647192,0.5603154711045747,0.5570683563864076
0.6350544853739124,0.6262670403577391,0.6196172242175965,0.5624128403035501,0.6494723606740422,0.5996292318050005,0.6895725650854897,0.42644910226894356,0.6130651686811003,0.6338022264107671
0.5915707196651571,0.5780386959512975,0.5631513881016887,0.5214783787229348,0.5836533086188458,0.5858054716105316,0.589032605653052,0.4338497834159752,0.5859840913680384,0.5740179026130968
0.5357300262445894,0.5436619805413457,0.49930362050473615,0.5314394400239132,0.5285544914963048,0.5348816403152009,0.5671399526675412,0.4217421504885606,0.5388420613843978,0.52786199628631
0.4710278820807821,0.4678777286354274,0.4580744096568975,0.480327779581202,0.48118320946910464,0.4670597410953366,0.43659918765973305,0.38787072416991863,0.4676562383031934,0.4932985011920614
0.5691166012455963,0.519508784124909,0.5734505509592835,0.5068885461567072,0.5073477746958518,0.5175168726037407,0.5005613110893552,0.4630106207308605,0.567901987873691,0.5571386798889327
0.5548698261491609,0.5257282306493767,0.5373348838995262,0.38859630675146856,0.5447788523801587,0.5523759362987681,0.538152073276214,0.36434836694687617,0.5444231777698011,0.5382042313029642
0.5892833773240871,0.5770855478989935,0.5457671569646453,0.5764593317202247,0.5851223844669968,0.5744484634433259,0.5635783671803185,0.4418700570272052,0.5843941521120811,0.6076960854625203
0.567547498798803,0.5427172393818726,0.5488359921309921,0.5474898485045526,0.544579994850234,0.5508374601686922,0.5396128314984417,0.4489439603330146,0.5654003657281818,0.5444991544692843
0.5523920575485294,0.5474444046622994,0.5491002053496555,0.5531557594511162,0.5558387578796463,0.55308027677503,0.5390272579891721,0.4408378448060987,0.5542854919798429,0.5475685066866975
0.6807391140724358,0.6742091306371559,0.5934288539736844,0.6768595826664355,0.6949107850524266,0.6684847868505099,0.7153375602121237,0.42457284838070797,0.6917289068397183,0.7122067207899857
0.6305571090977297,0.616678241896975,0.5989007079076205,0.6258165119129083,0.6175311479186953,0.638269655740645,0.6159722429428713,0.458471444478084,0.6254601207552725,0.6297926362616082
0.5742243140948068,0.4843281627770248,0.5094040692053154,0.593154103730869,0.5561380158541734,0.5439386472697277,0.539924766558975,0.554216279584031,0.5954793203001622,0.5980155124057229
0.5874993015342799,0.6038353081049949,0.6111032152243879,0.586986964070142,0.576892405447801,0.586423662688327,0.5458766582501358,0.4461223517158979,0.59714247888104,0.5643180042675401
0.5329649635756765,0.5369200747343854,0.5168102370699476,0.46300568322476754,0.5346757655165468,0.5303487044788955,0.5104276720784896,0.3663271554477023,0.5531590714388434,0.5459961751651045
0.6531308926938796,0.6573066899229596,0.6220232319552899,0.6379344106808245,0.615645628308512,0.6850823634698116,0.6114305552943847,0.4154203816926037,0.6441577770331078,0.6234209916324788
0.4283321200389074,0.4126446458533831,0.40680847764729533,0.3273379370796585,0.4167494798972067,0.4104468379838233,0.42124544202694825,0.3052785680699121,0.42661552051243884,0.4111892864188688
0.533514024128639,0.544250682243128,0.5049613333692118,0.49006435743466226,0.5311988984365651,0.5001310769199219,0.5343808992650146,0.3716882315591871,0.5550975837438059,0.569320742714378
0.506784148251624,0.5024264468307889,0.5229264939103111,0.4793347094771242,0.4739214613940872,0.48286438200888365,0.4633577036930375,0.45284249473344795,0.5079894782736438,0.48909331210225954
0.5638389289894463,0.5482650098919546,0.5454575456246018,0.5546350539437642,0.5503780135689875,0.5587300990401743,0.557331622768583,0.4459574330201157,0.564282508969631,0.5465936898141034
0.6689147236101785,0.6400311417306879,0.6390577161583713,0.632327032348711,0.6557298306071462,0.6253023435989229,0.6172863729869744,0.43249000925325143,0.6667062642803915,0.6676263359332251
0.5356821171088586,0.5338668550724832,0.5321738104008072,0.48512750034786634,0.5350967250748122,0.5426741659295586,0.5692291749360604,0.469659088289379,0.5368055126729699,0.5602480231901138
0.5922726414367534,0.5746473530198106,0.5777234776169521,0.6043738620704375,0.5921776646560053,0.6045939887708126,0.5741459194974348,0.4625054643763175,0.58518585525639,0.5698163169025803
0.6075890795950052,0.5921570781569945,0.573100166519854,0.5797106262056975,0.6014936998339486,0.609868055354652,0.5962707327279098,0.39994035219021146,0.6082812577582298,0.6102457481685584
0.5139949412298505,0.4972051151271652,0.5038856202458531,0.5118366251395857,0.5148811943970996,0.5185329330982056,0.49420944841176395,0.4030186496689756,0.5112375197809348,0.5046089820137565
0.5305748071441566,0.5246069955361793,0.5069965821176007,0.5315707721351612,0.5290375000706378,0.5307115061780868,0.5094235451492656,0.4274912922853402,0.524773785095739,0.5263649780493498
0.5262413931092383,0.5268353558586268,0.49868050341916764,0.5525619874472929,0.5417719111982474,0.5050649534717062,0.5159767041304305,0.44911034712980646,0.5347379781178845,0.519080533516324
0.5710158436478381,0.5364742272678129,0.5770819914698114,0.5628308520999654,0.5535951434078156,0.5626978223986742,0.5437314757293163,0.36805845440243595,0.5758155194850543,0.5587731388727434
0.5505001207779828,0.5315834027186895,0.49038125563682805,0.481398523754274,0.5256611783025031,0.531602138602794,0.5219283048049757,0.3926125592324154,0.5492028277190645,0.5397935097998164
0.5913059694485715,0.5783738977789985,0.575966537485519,0.6112192486833131,0.5998825749732535,0.5561438726223595,0.6065128753959047,0.4233073390633942,0.5852834380978246,0.5892860759426811
0.4003827455994638,0.40766058881826883,0.3859544302348447,0.42620099011270635,0.4277909802710421,0.4105202982874312,0.41360732023601315,0.36811116797108373,0.40473001844886786,0.41381337647374017
0.519844074006467,0.5259779561412374,0.48145137273109856,0.5344869954329236,0.5211657792747992,0.5317614306511204,0.5201232087875566,0.410569010473734,0.518596370111031,0.5348638169796124
0.5547949886835711,0.5285714052443008,0.5774769359085984,0.5798035931692398,0.5577855775068347,0.5253010824183313,0.5352379012971197,0.4386744219051225,0.5515174882058063,0.534593082971334
0.4999718437776924,0.4810827854863712,0.5150863852361672,0.4938132197069761,0.5035876241029564,0.4906249271666149,0.5091257703703288,0.4396638750294235,0.5013394133047673,0.4812787306367978
0.6325939864151647,0.583960402410022,0.5820962309455477,0.6019750818593669,0.5970101342009482,0.6068898770458764,0.6075820711634401,0.43972310127649084,0.6330097699517752,0.6183484064055715
0.49668639468865117,0.45413593656727735,0.4922294921399254,0.4860208737514378,0.4822415294070616,0.4871781754137326,0.48524551713207376,0.4403650729226246,0.5006292220754689,0.4680659172296718
0.6620638375317524,0.6522063602551749,0.5700282316749643,0.6613004178368873,0.6829292863269045,0.6627199552073426,0.6903807253650633,0.4415151048707337,0.6477150802008587,0.6630782225957048
0.6082637194423923,0.5786667515629635,0.6187339379979302,0.5831422349671991,0.5810481101506234,0.5960001298144969,0.5808880427530977,0.4528598362693751,0.6099577838010799,0.5965133249131783
0.6500264330955234,0.533397594309423,0.6498019406224692,0.5320929975646025,0.5696293794635989,0.5768593581975611,0.5800879543419447,0.42414955223748146,0.653617331573262,0.5466864096689146
0.5392884830526504,0.5213147562782814,0.5096741153709042,0.5354001643544208,0.5322702173932455,0.501693191033055,0.5370165531272986,0.41849003661864315,0.5401156105416023,0.5404900288574457
0.4011654556764298,0.3943190420543841,0.3890392818758106,0.3497318410027432,0.3934331742169567,0.4004125219266896,0.3980078497402664,0.3091823445032047,0.402443950143498,0.400616389095583
0.4984943216331503,0.4851477863326835,0.4750807222037575,0.4797132165280511,0.48119750405507045,0.49047025003114075,0.4811293337660109,0.40373858839896765,0.497694443857727,0.4971561372776376
0.5654766744852948,0.5630357866119083,0.5420063407374207,0.5523646460257889,0.5757706495158372,0.5600742629570752,0.5355955497607178,0.41709597795834513,0.5638791983356414,0.5566487106280888
0.48318627406156134,0.46268878154870235,0.48913243765607,0.4652520292863476,0.4775439532738251,0.4799298287102349,0.4770039680016428,0.3799073588358421,0.49390122770134187,0.45813765459926586
0.6517159115907474,0.5632577313189425,0.6723814994712811,0.5522803568382488,0.5942633943571818,0.5936400915220478,0.555591011057271,0.42769865907407745,0.6539916920056154,0.5922430562155931
0.6520774506783181,0.6536198718110281,0.6109071204708045,0.6391248974125637,0.6548802289981528,0.6415333107694778,0.6175283983332267,0.3999901685548651,0.6477737578153515,0.6460451771099721
0.43078587616724257,0.4239355934659069,0.4617906663575474,0.38260700770191736,0.43813881940171445,0.4306665111978798,0.42639083950693596,0.37748770668776216,0.4277256733695705,0.42842345313653596
0.5856375791774289,0.5242169079211395,0.5379009130558267,0.5677750493885825,0.5618956055343238,0.5668883786350281,0.5631225616289521,0.45260142036415746,0.5814345001653545,0.5680486263473914
0.6110108916530831,0.599851540806939,0.568448195573291,0.567964548760603,0.5979062621241998,0.5999932088688994,0.5925602617457156,0.45412901777870107,0.6074018396044845,0.6032325505629311
0.48175770150412317,0.4674821083594583,0.4527804314678916,0.4731396012797436,0.4826911878269043,0.4803044388220875,0.47557271559797315,0.38458520254349504,0.4830655697982351,0.49635200308122973
0.5691887049202702,0.5783947047791059,0.5341819291516925,0.5789867859656964,0.5691234981518779,0.574619640541829,0.5746310676537757,0.44357499024392905,0.5683763736031754,0.5814881419451444
0.5674339567012499,0.5415429136125406,0.5806185203554699,0.5423119321414551,0.5463930570712262,0.5494135517915375,0.5351397349527252,0.43415908936918673,0.573480996731808,0.5244024269791848
0.5465048856335035,0.496084791658887,0.5902224008322233,0.47987793219487906,0.4595150289962595,0.4912525145648521,0.4403485743559867,0.41670927253438234,0.5464007581270993,0.42604710730025797
0.5739467596538663,0.5723122967309937,0.5569758350361624,0.548134983194328,0.571468682700517,0.5654910679240349,0.5624505424900851,0.3982924540489515,0.5665992271479012,0.5772363398421508
0.5865865831435819,0.5318439726709421,0.5446735787139351,0.5764299145345171,0.5800141339633242,0.5628083166505299,0.5911086297937116,0.4612121100513413,0.5889344518769936,0.5888271712815307
0.5598202228990191,0.5171955134086299,0.5537989779410969,0.48434364040763295,0.5261559791098839,0.5337524637415797,0.5299910458211866,0.39364898758005706,0.5566938929318206,0.512394453449367
0.5615088338117354,0.5357291671493779,0.5448859615926089,0.5508131881902006,0.5492351980766312,0.5246649962752962,0.5371862740157903,0.40134239600739985,0.5548690817138079,0.5567167732635115
0.5696032171364263,0.5309311686484269,0.5973770157368602,0.532001542811877,0.5177516014891177,0.5387044922654609,0.4716584610524422,0.4573592378433013,0.5707877714855921,0.4705860744142735
0.6198052726711974,0.5281191287601769,0.5715551581362862,0.5476341168702187,0.58926357974959,0.5936894872317348,0.5518871708747155,0.437533580453514,0.6228360052841537,0.6039298980947503
0.6387517760633714,0.6061033260402942,0.614171726550954,0.6391532739577295,0.64302684328481,0.5717287178155126,0.655151394788449,0.4651857731300624,0.6451187937487628,0.607618550254488
0.5752057877399709,0.5306862481085213,0.547857013376049,0.5798424262656674,0.5597564136371972,0.5304980745957387,0.5612012577059285,0.44778546847273076,0.5706178354845548,0.5423976013490153
0.3630848063295404,0.34128117965219434,0.3672690996727582,0.30491401361751025,0.34245582871788866,0.3541877490545235,0.33735209638604896,0.32958114344008005,0.36614086636682064,0.3572070077787578
0.689610581825758,0.6023166559325998,0.6446759241387541,0.5744322566514652,0.6577719718157521,0.662345502486268,0.600803159124091,0.41806333287001385,0.6858652804396418,0.67634565908613
0.5127290186899955,0.49858702847448916,0.5140834579411557,0.5110378191226058,0.5110235727131526,0.48284544603805973,0.4800600382208465,0.4369999552690486,0.5149627485789267,0.5229674274960885
0.5416090865805588,0.5342452401599701,0.4878943168793369,0.5332348159246763,0.542546953781033,0.5199150087797114,0.508877154809601,0.3710633298607312,0.5271099831050305,0.5323428669085262
0.5472648710541059,0.532985439077417,0.5415626714828466,0.5153952505282904,0.5499667877170626,0.5327210922419416,0.5287299525803214,0.4565558126003543,0.5468445126206598,0.5264569769451589
0.4419478176412336,0.4370375009082565,0.4323253614730937,0.4280512220234247,0.44490563844455333,0.44613231796654534,0.431357330180124,0.38226935628855735,0.44810462429240666,0.44605253215530305
0.486072725540302,0.4664828771131351,0.47926843595870927,0.4649527040256381,0.462479250247241,0.47716419692612155,0.47694632440727047,0.3997979312751088,0.48716037700669496,0.4803091367775138
0.6268299773847897,0.6307677619636428,0.5761727082156418,0.6225376448582416,0.6393165819708044,0.6375149245312368,0.5968851102813694,0.44248545567605124,0.6423891390117339,0.636118959977664
0.511425455788373,0.4873492816317284,0.5006257496132971,0.5046971730957188,0.5158763068971036,0.507327850291366,0.5088266789097282,0.38895521352236145,0.5047849067050453,0.5121396336521802
0.5897931689971199,0.5185064526886976,0.5625437860789365,0.5535865007481187,0.554837842361077,0.5605582168593213,0.5540590812650654,0.44688431450747906,0.5858417259997338,0.5574325002241124
0.5870498114680706,0.5546045191369029,0.5677129459997533,0.45777285857825983,0.5607161657922601,0.5736357569684142,0.55950388211577,0.4612819646113329,0.5725969814543523,0.6314040925064691
0.563396820349322,0.5432131137809008,0.5511545277991904,0.5498668498316509,0.5510687543943064,0.5449861404371621,0.5655553658044288,0.4346157442755771,0.5577053506522869,0.5595220175936196
0.6198819951621998,0.549891663263183,0.6001818920296877,0.5229714372547387,0.560780222083505,0.6030208057879334,0.5489066433802446,0.4272743732104071,0.6136865488525438,0.5687092474567991
0.5645271597042167,0.5370592336774789,0.5076847816365624,0.5808625634011033,0.5784108810200291,0.5449423285732403,0.5683175121284634,0.47126560904112746,0.5552665977720911,0.6188985621458395
0.5964880640413595,0.5810858894311924,0.5607320321884065,0.5822366479956745,0.5777722381185787,0.5875695568839479,0.5705166388703262,0.4377925804228764,0.59188173835515,0.6000621870886375
0.43693887945529425,0.4283238602274726,0.4208694827958386,0.41366720761331355,0.4566890031178368,0.4454944901725006,0.4230407601045258,0.3558703341918132,0.443340165668199,0.44545380709426924
0.573378445146671,0.5535564593925917,0.5128320553142823,0.5462574270457443,0.5589482130672663,0.5667338164058474,0.5656447112549691,0.41716697619679133,0.5727815040746631,0.5752436662637513
0.5963777610466577,0.6028228104482567,0.5602181085460295,0.6342399694355236,0.6334472524528565,0.5787436294094879,0.6251807726302183,0.39423478151987545,0.6018170206199502,0.6551899150832682
0.6327210256079935,0.59227533641803,0.6208188774785812,0.605422159061637,0.6509490646253174,0.6177605828013548,0.6292958457755558,0.42842925584548097,0.6301870294818921,0.6391276634677769
0.5726117634865233,0.5531373875478969,0.5997928018282325,0.509232751885929,0.5688356507014696,0.6015432679313433,0.5743754486514817,0.37914587883435824,0.5424288202256322,0.540464334813427
0.47502241690389585,0.4686097891240519,0.42562548424638336,0.45119878960602733,0.4768162017681307,0.46701409364367713,0.45520189031978403,0.37659311175429866,0.4763719035805513,0.48463519233294006
0.509242153163972,0.5025612634166258,0.44780974939526486,0.4014129017672683,0.4906479623162963,0.49886114122293723,0.4852465893067906,0.3593743613038602,0.5076309969281064,0.5052549645027211
0.30218433536627093,0.30563768657133544,0.31342353379714466,0.27768317981116436,0.3063334571134381,0.30360469289946923,0.3239957755619343,0.3045307019655043,0.29675182020338026,0.30208256421491597
0.538365114531859,0.47173113585270254,0.5554676183063546,0.5568544558719296,0.5373138753637159,0.4847154523890497,0.5426366272551144,0.4094474036453285,0.5617292877942923,0.5401080302783612
0.49019143601108345,0.47401954273217317,0.456472994217563,0.5100733040492935,0.493014719588811,0.4911624713564715,0.45650235967942515,0.4172544557861975,0.4906115058584881,0.48375166799633323
0.5981196435141121,0.5592359547062818,0.534366773108154,0.5867445201477349,0.6043331242021728,0.5945649302872309,0.6646675535400755,0.40292027681646675,0.5828160197499812,0.6123811602695902
0.5157772108232774,0.5051436227345878,0.49451003138777483,0.49856382123721915,0.5123940083154459,0.5095145507897774,0.4979267259323699,0.40502831755407476,0.5147429173618593,0.5101688638380713
0.5150467571271172,0.45374802834685096,0.519502971496004,0.489839393765191,0.4779064952814816,0.5019667198155111,0.4839388367613027,0.4238514614026139,0.5117566641901428,0.49448839499495306
0.5079346536839742,0.46517611724506525,0.43723308901414426,0.45762153321480276,0.48371295981068585,0.4780659478779742,0.484836776518687,0.3723083835530641,0.4999718856587031,0.4814439164127742
0.5822094849454251,0.547834815064682,0.5658722518625723,0.5668679692141967,0.5740435239683574,0.5320709611809727,0.5495293549098799,0.46378846833896875,0.5867588616634959,0.5898111472103006
0.45626949619455404,0.4205665375573568,0.42409458181696263,0.4300376561255048,0.41959916804259356,0.43297389826909427,0.4470167348933568,0.41560649476647565,0.45592367422258395,0.4262472124015342
0.616947544851071,0.6207667837720705,0.5617826985503609,0.6157310331498667,0.6245101280755947,0.6338927443782267,0.6199952762454142,0.49047401316784783,0.6138761019849622,0.6484994691381587
0.528056078507383,0.519387105887075,0.5063915609920179,0.5068828685355313,0.5126184464772232,0.5246710126150634,0.5227034094519157,0.39875101587001094,0.5217212907071752,0.5311901337481661
0.6039972702200953,0.5353200230803333,0.5953187803528972,0.528052271172927,0.5491450351212671,0.5673200035853947,0.5706419775838603,0.45965838964630146,0.6073874475881877,0.5863202490611799
0.5549775142669965,0.5007764064720783,0.5324724310488647,0.5379233737411723,0.5494567693778133,0.5370910921985788,0.5211351513135725,0.4047066518930191,0.563979323271878,0.5557615396042801
0.5945554014715684,0.5559948949917484,0.6432616244913392,0.4835604399081749,0.5411034202991704,0.5518052152197812,0.5261634528060759,0.377427897992179,0.6030295439315877,0.5411879865206664
0.5941077914198567,0.5744201115262004,0.563207469441455,0.5669720062119035,0.5781626928320508,0.5845476995102761,0.5598940090125172,0.4371852280438543,0.5972604342150546,0.571708484956325
0.5506994993447376,0.5566984276767191,0.5526612634303667,0.5565479051178086,0.5594097202476693,0.5476525492475873,0.5263824991266501,0.46341733807783886,0.5478785445054759,0.539461614757999
0.5081517322985541,0.5137122181782496,0.46708475817104617,0.5198358910314087,0.507411410160044,0.4970036155591217,0.5136433168546334,0.4572643836494961,0.5101185463682987,0.521528302084978
0.6328544565010933,0.6137455375136505,0.605693295705923,0.6237049952768312,0.6247262364529756,0.6277386913510999,0.6067658286384796,0.4380710599606899,0.6403534470757589,0.6086706733956609
0.6116498478623628,0.6117320430330424,0.6106569918608089,0.569793614081327,0.609457439443447,0.5837308829079324,0.5666637690663149,0.4667739633534588,0.616179837180428,0.6077723166388816
0.42058830292776195,0.42296515193430434,0.4248105549530097,0.3922315426277552,0.4286591825565455,0.42424361477446565,0.4059745282095743,0.3507707915525393,0.43141673984629497,0.4346748591759211
0.5639675183938486,0.5503548139341864,0.5679353450009428,0.5394407888657005,0.5467453002242227,0.5487539601876427,0.5335656617029251,0.4560437556309453,0.56826037878481,0.5407766507414011
0.4040834009365157,0.3906474233713046,0.4058866101406084,0.38949326960855635,0.39431513186971845,0.3947848003416842,0.3856027473302288,0.3955139189331752,0.40327549883820024,0.3887303496553745
0.4315195218492739,0.43628950267902505,0.43944960770372404,0.43911719489619655,0.4401158131931201,0.4244172749988703,0.41693587843281865,0.3483104345837988,0.4366043682853334,0.4401633772067047
0.6061178340949224,0.6071961389193635,0.5392615096803027,0.564892161382274,0.5921913710694752,0.5908254492534207,0.5812258848014251,0.38785721037139576,0.5976952758187059,0.5757163914344283
0.6315750853164669,0.6069155717019862,0.6376358944814257,0.6114473518702588,0.6090824272037648,0.612906928574408,0.6088019905569086,0.4686705361371918,0.6470126384012082,0.6041996766422127
0.6275827253560211,0.6057442722661751,0.6162542603375277,0.6222834804579783,0.6233660467826391,0.6367360056194556,0.6081003536796908,0.45574932395325546,0.6262082557251157,0.6392087769326806
0.752852753616305,0.7683868692562589,0.6814297032546706,0.5421960223351419,0.7449746340866578,0.746201982525482,0.7435367771474553,0.38506742408754424,0.7074523362792337,0.7586468333214891
0.6010694549168254,0.49840384482322153,0.5466744366558252,0.6011496528758725,0.5808711098579519,0.5675278879423508,0.5806748660549224,0.48159790743082154,0.5847387371856427,0.5947154149280331
0.6361449903174647,0.628105428043516,0.6314996308613272,0.5992964809456013,0.6192263936043251,0.6452853216282908,0.6370427921918353,0.5913113429027647,0.6303039878636161,0.6330767526759278
0.6515494558511057,0.6243752068525267,0.5999664383799568,0.6432988433696557,0.6502538448744544,0.638904731865674,0.6259262773867603,0.45614210360548163,0.6461184397117645,0.6345439177482867
0.5919527968295367,0.5913385662557787,0.5542728288402172,0.5824916373144421,0.6007925844546936,0.5960274403020103,0.5678704190748532,0.4191779570289133,0.5877732344495736,0.5934994918073785
0.4838164918482356,0.4659515769006119,0.45810483258775037,0.487035133784663,0.46514183442028223,0.4931515157335343,0.49029586434147043,0.4151258025927484,0.4884809917986992,0.47656978113299436
0.706438498898764,0.6567947181691848,0.7112926483314054,0.6625803344753811,0.6797980432629809,0.7024016022764102,0.610945200614,0.4447017245926551,0.6990988195272535,0.6679064242493231
0.5989504944548653,0.5714900006841016,0.5932860812593636,0.5598760759366865,0.5713759335328324,0.5777087076108279,0.5704464351360167,0.4458827321732408,0.5881785624656408,0.5763126538187534
0.3745341312173236,0.3511724428906365,0.3652719039278719,0.3495217650717719,0.3354350211665383,0.3592603376256355,0.3538896531295333,0.3383358237849966,0.37479807498660195,0.3692390881069719
0.5341903615387209,0.5335667764442117,0.4934048787706745,0.5341357907069922,0.542626260593964,0.5488246213720244,0.5535874950953634,0.3626935079768787,0.5312490000290211,0.5529375574587935
0.46465996329281734,0.43050364517919165,0.47638096779622363,0.4185702074741808,0.4468881847567978,0.4598352409796375,0.4402963771753138,0.3852816369657214,0.4629860439017158,0.4519287756284494
0.46691032976233376,0.45427537412599234,0.5015384473311881,0.43836214790464634,0.4605549222058723,0.4705180792694205,0.4764356008535505,0.40529792045108315,0.4717747056897595,0.44295316233050247
0.46322684005673326,0.42939849142159753,0.47666451080529115,0.38902849380484555,0.4125271675932133,0.4411707719429821,0.44261994527009835,0.3645840835193935,0.46216262515673845,0.4322647132501547
0.6852850403982269,0.7224078614293546,0.5931751912963179,0.7172196423337335,0.680241297612297,0.7633988381092489,0.6620065511664792,0.49100942201378156,0.6526892099072343,0.6764008995452505
0.575330676932558,0.5607924432794553,0.58325677276018,0.5415513829291294,0.5564175450920439,0.5610594302620339,0.5511124505032092,0.4453575575630302,0.5685793351518155,0.5551653339270157
0.5836184442308403,0.5752240487747632,0.5824516109560123,0.5725890420299717,0.570219349968747,0.5801535591290315,0.5648473784272575,0.44556374238887997,0.594339374526638,0.5765137062414437
0.5195049997278176,0.5263877320355485,0.4921118190688255,0.5444563971517027,0.5373516868774879,0.5346711156341147,0.4931350308520894,0.5153510460400547,0.5253981688989696,0.5632892115172974
0.5544784847628054,0.5588222118450236,0.5413750345982309,0.5156353953038924,0.5687747024151537,0.5681953968633514,0.5808602765756012,0.4883513427387417,0.5545052611343831,0.5976081423562936
0.5800159874243995,0.5201132364092843,0.5613701404111822,0.5009043842592867,0.518754977052148,0.5353064698809695,0.49575160799403734,0.4057179055514311,0.5725424443229695,0.5195391899179456
0.5412376026591705,0.5180849235118343,0.49410187556749813,0.5098558706078227,0.5308267929221255,0.5361208391572825,0.5232764460727287,0.43015485609488063,0.533912802473564,0.5350162449717704
0.5548713866748513,0.5523841315955348,0.5084428417461134,0.580760744359005,0.5847377260717379,0.5754182437103972,0.5085774557492879,0.4290812013455437,0.5395180206629342,0.6128549962220697
0.5549175043480729,0.5830922711285494,0.49536568589709395,0.5962130556158656,0.5722099047338817,0.5632570241616677,0.5526443582822821,0.41435851963613174,0.5447606224705283,0.5762719325223769
0.5753552448594244,0.5582013425071031,0.5437408966198574,0.5682021154816491,0.57211420824582,0.5666840005943122,0.5619584411598664,0.4461031472329956,0.5687388815552384,0.5559865000349922
0.5823673208506512,0.5752580871791313,0.5273593063759041,0.5036050128824537,0.5788380089445205,0.584702822447239,0.5727274749613306,0.5115128064592671,0.5792023821801084,0.5834434871363846
0.37364303126338344,0.3698519553190515,0.3734732573741545,0.37152602491509595,0.3727054354346569,0.3677989200757322,0.3550537118525567,0.3334273449573037,0.3731131381468938,0.3756768961278343
0.5544435708204196,0.5549214687466678,0.575971841113561,0.5898169837810374,0.5751846425579684,0.5427694667844408,0.5756126909210095,0.49474373948191697,0.5600596326312055,0.5540816162562078
0.5053837142087666,0.5220757672937038,0.47664627183360003,0.51701898216461,0.514447492834232,0.5167175730830998,0.516365049208826,0.4258973929272849,0.498461249450248,0.50598884336658
0.7048202486932912,0.7736009994679166,0.6929199012435064,0.590685079355248,0.7008192180478148,0.7641042820961472,0.7140187773841069,0.44362730814430884,0.7177451978702885,0.7086122382991229
0.5373348686547911,0.558419435080955,0.506753010235314,0.504982408073066,0.5428785852003971,0.5398049704949239,0.5869000621912859,0.3422374533111339,0.5242072983825399,0.5583360735806658
0.6359831124813129,0.6266977124875482,0.6597350729664248,0.6375942583629112,0.623434071147723,0.6429233645894955,0.6460894530078345,0.47394381770766775,0.6498609426615976,0.6196244138082818
0.6355215236068894,0.614699079261125,0.6786091103431873,0.5747485194677615,0.5935564718730387,0.5846838614897157,0.569201036782389,0.48887621885048593,0.6457214739866826,0.6085052433222238
0.62369371608205,0.5918084262751276,0.5862460047958601,0.5538761096229086,0.5973056129046298,0.609917130494682,0.5615830574901718,0.4375259405801964,0.6154596105851831,0.5858572586150136
0.4556966722857019,0.45689703878596244,0.4627932604171046,0.452635654398343,0.4566767139915957,0.46296127087551536,0.4445042622680366,0.41673020846126146,0.46018231927415876,0.45228160801481443
0.5350044037325826,0.49746527312693445,0.5258083960949035,0.5212530798926539,0.5234295883265273,0.5164241197084902,0.505879704353661,0.4437047381814436,0.533786485603321,0.5238686919878092
0.5361149415627362,0.5414219914520649,0.5064038908663552,0.5583065046257855,0.5431978294551822,0.5358528427488187,0.5555448392968309,0.4861333672659875,0.5445199396041485,0.5439914225213134
0.48843112550398265,0.4846267030360544,0.47553221059282597,0.4971332865140345,0.5037068597427078,0.48406349607616095,0.5107191128310911,0.38892147849300096,0.48300404184910245,0.49683799718741567
0.5697604161837588,0.5976540964545287,0.5824058803654195,0.45839025946852474,0.5571521535034405,0.615123373784846,0.5094708598825674,0.33510131054828957,0.5606101559944254,0.5679175362740416
0.5351004029562159,0.5229179161331654,0.4855506584592896,0.5348896259389521,0.5227779634051931,0.5332356317462102,0.535698800948022,0.41688189698328837,0.5356708649794039,0.5327267799705216
0.5422904013486921,0.5120296803997029,0.5398198719127633,0.5355855699181301,0.5403223783996816,0.5068501893314883,0.5530813987369768,0.3940129898878382,0.5384093360586197,0.5435682446191391
0.3782357677282577,0.3809196708415109,0.36302588151811965,0.38142590262426956,0.38327571349450223,0.3704957472912712,0.39121117518759757,0.36522272654781224,0.37563050792909697,0.3885648063629413
0.5240672925815393,0.5029889940818884,0.47840771961909817,0.5041768522603579,0.5251124112474062,0.5050634026699258,0.5040341802060537,0.40391135448243365,0.5163427704116086,0.5082021118776436
0.619962998347109,0.5958736224175287,0.6275340934176817,0.603446672927444,0.611369549273916,0.6007701504691856,0.5959664075561866,0.4828583450973403,0.6161139582878546,0.5733627041567374
0.43892005164680636,0.4519953694631749,0.4547927720781673,0.4455483078722209,0.44824488145152097,0.43308449774512203,0.42072587904641473,0.377577966172519,0.44598899071463843,0.4364087913697974
0.6523404702605694,0.6276261007923515,0.6501507975818681,0.6397042995691415,0.647556486586432,0.6431915056210065,0.6540657230533694,0.4439960084105847,0.649894203880926,0.6252688424975766
0.4580580161547249,0.4500128371870381,0.4625234085930378,0.4605412387525989,0.4543954413155171,0.45921798260590596,0.45429025523034183,0.3887555572901865,0.45799979061421314,0.45030903342624046
0.5167077382045124,0.47880740287570245,0.5009954767956319,0.5061620569529022,0.5099385245810608,0.49437725563298124,0.4953998164381039,0.43986171355409937,0.5151624729748512,0.5087844858478023
0.5223435142254224,0.5044521170845961,0.4847850111775857,0.47354290811022787,0.532615559626088,0.5269585398031299,0.5157737459971631,0.3915074127673674,0.5232707730599022,0.5345943898726502
0.5225649986903348,0.5046114469556368,0.49409118896637494,0.4956092254210093,0.5015901733294211,0.5312096040390346,0.4946234343154744,0.44491683928525744,0.5245609243488397,0.5352414210508818
0.5644184237129318,0.49612178046507627,0.6067111210167204,0.3665414205107603,0.4933027734800168,0.5004265990080855,0.4293643857777042,0.3982895702743978,0.5708966242003767,0.505200844334508
0.5633007497411148,0.5663443031619962,0.535130043410802,0.5649829849735304,0.5602246609866824,0.5677367255672642,0.5715140705446753,0.4054736040702551,0.5641617680863938,0.574724148290042
0.6510497233344987,0.6630840905893753,0.6234290917333503,0.5378754761606124,0.6517161559694513,0.6464604008398718,0.6028644599639388,0.46222138917290245,0.630645029910952,0.644551653310091
0.5821197356620583,0.573364133224222,0.549538803382003,0.5795651694813966,0.5771903402863096,0.5905002009864473,0.5575719492288297,0.42595100995883045,0.5877292586704843,0.5825491946422653
0.5486838588245045,0.5060462172264482,0.5066947413092543,0.5296858008022742,0.5337780438862019,0.5200455077427438,0.5051194698705684,0.4167371263738015,0.5475131267136782,0.5364329060512055
0.5525185109078181,0.5218670439433919,0.5049805490537261,0.5479458598403241,0.5449796766356093,0.5378944070989077,0.5414509130145406,0.4204381280880437,0.5471558746392736,0.5388433400010179
0.5049490316976466,0.5053168348335415,0.44748622130103644,0.5214985924997442,0.5129873794434431,0.5178722052660487,0.46950851455615755,0.39143135576243715,0.49501028230715977,0.5163853363559797
0.6875272608759337,0.67401676422736,0.6741263332756262,0.5121847720223336,0.6772983774346967,0.6768564166775769,0.5801154591544583,0.3294374859422941,0.6697790603851049,0.6635103438652913
0.5033929716942522,0.49248482461673404,0.5473320148105956,0.4717026241078475,0.4727483984290646,0.5048381953152067,0.42016918937906844,0.42688097490979526,0.5099693104072902,0.46906631791850856
0.5492981332058009,0.5966204093819788,0.5504139883095686,0.595719071280088,0.5712631696056666,0.5750461467923804,0.5334991243709583,0.4068176143629388,0.5493927933963713,0.5851637296226363
0.5457861771252461,0.5424403135538124,0.5171189338450978,0.5666364170723568,0.5526476271705388,0.5556060082191941,0.5301477500534819,0.39698453334201717,0.5472487793848618,0.5443646724492353
0.5037978737074408,0.44746770696052807,0.45201480344553785,0.4704879975854354,0.4737758102566962,0.4641798734263936,0.4775918042715313,0.3901330132857443,0.500699318785323,0.4725925870681857
0.7177314461170763,0.7243692792998312,0.5936993494834564,0.6361297604734405,0.7155028516957092,0.7004570243637164,0.6960534957489266,0.4499296245425759,0.696995132709597,0.71302761756766
0.5451699910575615,0.5350663547169894,0.49337214037386284,0.5150301060493782,0.539947285320944,0.548455558652495,0.5270000500195731,0.4215460062904409,0.5370853428291845,0.5435280126194183
0.6940731017262631,0.6436030754696214,0.613626921357716,0.6731197862549191,0.690870191017477,0.6707004047851632,0.6399695094248693,0.45278462904811584,0.6708050371514975,0.6856393786708787
0.6443076905970179,0.585937460474448,0.5818025910208878,0.720272970491598,0.6321806424307324,0.6481652645147641,0.6361979926888944,0.5251687013468703,0.6451575821353867,0.6373965925475621
0.6207890147192504,0.6134608287497956,0.6536168432276559,0.4534579069681058,0.6051723496050294,0.6112583148473291,0.5687183636966102,0.35428426672224533,0.621534882369893,0.5928724337567627
0.6267583459157536,0.5655974147896929,0.6445036725399466,0.613656958006217,0.6236954398329921,0.6135853968378969,0.6010107152371079,0.4993231340318234,0.620362594386823,0.602414635033414
0.4942246550762819,0.48726154688787354,0.4462313332947597,0.5420523280160866,0.5042270819335446,0.4913674046618495,0.488816590171645,0.3719496442643108,0.48723429312349714,0.49392699526379896
0.5488162745680865,0.4792821848329243,0.497990200959139,0.5489568222715102,0.5428950639299663,0.5389222636966196,0.5401663897857139,0.39364173454332513,0.545892877404595,0.5479977525388584
0.6063545758415214,0.586745756713005,0.5691250161468727,0.5510240042369956,0.6020170321440746,0.6100864617341467,0.5568645472624243,0.46692282961062764,0.6024699615598974,0.5956901485760946
0.5532600347106784,0.5441836222663384,0.5830038800128369,0.5520573092459529,0.5673238925649638,0.5687226634961187,0.5442658186661072,0.44873112525775627,0.5627760111069442,0.5521670865603379
0.5539604552749066,0.5679072794242634,0.5138674592306146,0.5767965947601995,0.5557675587863459,0.5324027066989359,0.5095933217646129,0.4154339709467018,0.5562942047092932,0.565761555743291
0.5375868473739417,0.5371404830433704,0.5057594933244985,0.5394333721767227,0.5348171815407163,0.5434898328262744,0.5297469359325728,0.40257964771252486,0.5386312424580099,0.5395312198852474
0.5519673226113098,0.5565615269025591,0.5695611186816777,0.5634336576848861,0.5526153653521587,0.5534544034798481,0.5491294453648334,0.46187923114803975,0.5615677036097915,0.5500463699962218
0.5745548494521623,0.5378452547375862,0.5184130669778242,0.5397807979961808,0.5278947321830744,0.5495388485954454,0.5775882629496648,0.3933371045598603,0.5741788352176279,0.5392676460085648
0.5711482031658148,0.5493588256849713,0.5494580766862751,0.5523807645443048,0.5566351122510251,0.5587024158167923,0.5567220558925532,0.4379690735804678,0.5683366108675321,0.5615072657176637
0.6849748658333025,0.6100268581722429,0.6627790103383173,0.47955210325638403,0.6380498331300903,0.6773237508807824,0.6199931190746105,0.39231592041966973,0.676463284594314,0.6689476394164373
0.6051484850678605,0.565804507801733,0.6025670240959607,0.6089121635200463,0.5981163262562043,0.6197245070108224,0.5779055654106847,0.4246149942414976,0.6086664256043159,0.5916963994617981
0.5536880616769614,0.5647102126571628,0.5237217234750048,0.5659013136941053,0.5748390309991722,0.5710218796844777,0.5600651914364204,0.4149933062642611,0.554666185651608,0.5747957277083432
0.5013685882761397,0.49305433828404915,0.4732381740627947,0.4957070319129597,0.49107378905570037,0.5034923636089212,0.4972052293857087,0.38684648004657507,0.504663506347218,0.5254223686317182
0.6779093886934479,0.6191492308868567,0.7198156059389914,0.5317709227526523,0.6664541201346142,0.6891904570426111,0.5998269472661187,0.3998536562207868,0.6636542692168235,0.6399696318270722
0.5107348654208571,0.4984083691361017,0.4706268289012667,0.49727496378723185,0.5007459762945398,0.49978211932294725,0.4996308388516555,0.407733925239499,0.5053840787093152,0.5015463313397052
0.4593254058264611,0.4724066170689836,0.4344362831674566,0.44422919815533735,0.46427137583346434,0.4728305449333643,0.4903242157870652,0.3610117593279993,0.46224018214135826,0.4810610966297316
0.43955285385060866,0.4467946406748107,0.4334334780861462,0.44691292925008863,0.4387675854675698,0.44374955247896364,0.43922999489934317,0.41417269098219034,0.43043470892539937,0.4352179119049831
0.5538588791336364,0.5526744646914468,0.5319007838871684,0.5182956069780467,0.5521690851412494,0.5618555764063815,0.547001208794925,0.42100272551259044,0.5660602691119025,0.5443172127040551
0.548762680715259,0.49473001264852645,0.5493162221016973,0.4721108437552102,0.5008918363810291,0.5301220694820051,0.515050287471844,0.42338932540603413,0.557166069930953,0.49731187208627475
0.49150441391303723,0.4688180617423514,0.4759125814225556,0.4870817782372772,0.47915117442299887,0.4547445558110711,0.4666554455793056,0.3501951962391526,0.47714713402108583,0.4881332833271959
0.4939614700709733,0.4863448924086137,0.4517390602543111,0.48296100501564787,0.5035544351926237,0.5012045886224967,0.4844435651414108,0.38205880579762663,0.4876207594008824,0.5062164521928854
0.5800265008018345,0.4957783619356411,0.6087047103737082,0.4590118018416768,0.5146924652838152,0.5256795847627687,0.514023845754554,0.3725261362836254,0.5737519259624628,0.5150438439362599
0.5443315173545518,0.4874221454764146,0.5698819243273061,0.4285206836815214,0.5010254658006591,0.48680569541685587,0.4483094714925984,0.4356817598650342,0.5546963450388094,0.4928432431232044
0.4327099186443448,0.40796982171959234,0.4370882865388818,0.43049217246695637,0.4323089486769875,0.41999950251074314,0.4142602444811671,0.42722092129115047,0.4313282776282656,0.4216091764829385
0.4638667688229892,0.45457836223574144,0.443102723484876,0.44069398199467036,0.4622491882431715,0.4737327177242031,0.45166382356682977,0.3911082026856135,0.466506440735134,0.4655166528971276
0.5167212436467986,0.5150381125287433,0.5121015941815247,0.4886030547949994,0.5192989292738867,0.5237017794800879,0.5506787254329173,0.4235693571381023,0.5163576911718697,0.5145313020862615
0.5458046093575767,0.5139898210385424,0.5124009948493478,0.4611152607230077,0.5264478428215611,0.5162262881593106,0.5288144309282785,0.4067769270760817,0.5442005339172077,0.5061757872251426
0.4330901685908476,0.4222246186851659,0.4402228141504609,0.4151255701474958,0.4205871409249707,0.42403505173061184,0.461956007649281,0.42359751268741874,0.43644665636562774,0.4137836892902988
0.423396967780842,0.4262589334977502,0.4158695023613918,0.43231123647464004,0.43773481267541114,0.42771850636896697,0.4395819158860561,0.33502523004644164,0.40736229714099276,0.3976332992512868
0.5609278541512404,0.5600266697365068,0.5274250565251943,0.5882635856322984,0.5860345814039375,0.5985354459490723,0.5417450629235236,0.4284094030482071,0.5519344350407347,0.5608683634945784
0.6963828320369082,0.6108922174342363,0.674461636649482,0.6450404250503761,0.6737098143112901,0.7140281419999644,0.6874015578816073,0.46937611056035017,0.665571947974565,0.6708901980700452
0.501311695460463,0.49869968880921695,0.505927240257038,0.5041361107860628,0.4956401622078083,0.5022158663237236,0.43510155835535524,0.43642873781729546,0.499722424809745,0.47650685254019143
0.6168484738894919,0.5572547146984659,0.5893320836375724,0.5703820739659292,0.5820990042172252,0.59488127708733,0.5841662636780007,0.4408243083371441,0.6183213151845556,0.5706273792618005
0.7590840652214811,0.7167886678622426,0.6395371915474216,0.6336589500939864,0.7162315156540072,0.7221822099774082,0.7206111831668001,0.41832041770591616,0.734872515280685,0.7499637972814662
0.5850559455888893,0.6033734004366991,0.5655557743521806,0.5795989803761785,0.5939563277326976,0.5844132767992889,0.540999934580969,0.5256677930828118,0.6035364166550012,0.586327600880976
0.5596915028133307,0.5397860676098238,0.48009766418242034,0.5559380456111453,0.5504746736083982,0.5481881276558567,0.556424954729195,0.44345183534190097,0.5633239614091036,0.5376385409928164
0.4086946527869447,0.39300878150189134,0.3910586906468328,0.353090868675089,0.39571771064926703,0.4011448866208022,0.38702835099776206,0.33390134420759554,0.40628843406271187,0.3954487722411327
0.5931403881716315,0.5647994144720317,0.6150644088278386,0.5123643765000561,0.5737482676032134,0.5640701168933729,0.5453950690121444,0.40429743566435056,0.6050013598117783,0.5624961797619589
0.5635913687449561,0.5276725285672017,0.5305240345493328,0.5185167142309768,0.5509162900766393,0.5451815146905108,0.523205485805806,0.4030217513101577,0.5620257152524794,0.5396750405622487
0.7419286459299848,0.7423537248663692,0.6588934562683312,0.7020473142710739,0.7485279189207457,0.7495621407812445,0.6941569294664283,0.5031411641987038,0.7229094150749622,0.8293575483472446
0.4811075730076914,0.4808065180775875,0.46775228512489575,0.47761002476218334,0.4739603181199548,0.4689474002938972,0.46497370164702984,0.4065591354209547,0.47995848664434543,0.4763682394964121
0.752235634071003,0.6870410785822775,0.691101134258967,0.49746411819294317,0.6674123557128699,0.6902970954828952,0.6652562963429641,0.40410231077464515,0.7398762168679431,0.6656629614302729
0.48175740825406466,0.4791509292801755,0.46439479129580813,0.48781592509406557,0.49025509619749025,0.4867348338763066,0.4782314378859251,0.4245690387995389,0.4808113664543442,0.4949371287505827
0.585686381838002,0.5698037065478203,0.6014822022263393,0.5711302263078131,0.5680855590605441,0.5612266046723409,0.5596920335705149,0.3855189692899389,0.585858823318067,0.5660754254329409
0.4397771015840945,0.4296359101287692,0.4248452649230537,0.4450894410481996,0.4423855140382746,0.4382118416059591,0.4322414317975573,0.40142195439632533,0.4428085592695264,0.43637512149074054
0.639007393151562,0.5314104414505744,0.6278220489608727,0.5364005164863547,0.5888501949914855,0.5904923931921205,0.5588271111074526,0.4516388683784513,0.6354908470118004,0.5655587671312843
0.42983800544455614,0.41908504008331515,0.4057094751260628,0.40868089806535995,0.4271076819075057,0.39797628191968537,0.40530314520068217,0.34898519012618684,0.41583259293441205,0.41638011427726046
0.5581841965058894,0.5777003019934327,0.49167706469445105,0.5723219794770831,0.5549994780249436,0.5515091018116781,0.6166066329816426,0.45258348595060244,0.550723553214197,0.5815384579813548
0.5390121573769416,0.5310214837541672,0.4724115716897533,0.544082071759302,0.5574054474109233,0.5474650612875831,0.5322473278971596,0.37525431728836384,0.5312884286678236,0.5861340149322737
0.4687626017844284,0.49269979457768304,0.4497741027260594,0.45049562092393386,0.4784086690040398,0.4820724379991616,0.43262409340859254,0.3368648764317479,0.46155596422191464,0.4674952582163162
0.5092925888879702,0.5070491938484402,0.4618662787789076,0.5132644039150356,0.5126543519026139,0.5126024226081884,0.49141288143976275,0.42939459362148635,0.5042169282920456,0.5113426603565876
0.47372023382231765,0.4547602942186716,0.4459314550011183,0.4750286013692574,0.4576977924441119,0.47124911822325644,0.48768397539165415,0.3892051082881748,0.4726523989271672,0.45032847939258996
0.5282725698653026,0.5269796033554813,0.4939586625343789,0.5223767534028222,0.5290074657246167,0.5197422103091295,0.5370547509433955,0.39914524301732796,0.5274353309656847,0.5353960983146092
0.5727445139990262,0.536392606765339,0.5175401920633085,0.5571666418318453,0.5508231452347927,0.562257912838413,0.5580457243130198,0.44438542014533844,0.5683865189556613,0.5616678960211903
0.5774826957253122,0.5338734406326231,0.5842943662515778,0.5089398632305131,0.5393501731901017,0.5351016402363298,0.5300018615285254,0.43155252610013567,0.5820932456522767,0.5204720988554736
0.4503593842407443,0.42778362955146004,0.4183037110891983,0.3666614072483511,0.4280368603600197,0.42943552683814634,0.4281758068946698,0.33164161027041555,0.44706804245494813,0.43109555239856095
0.44394952100558344,0.40740727041804004,0.4053484974909143,0.459674574293065,0.44871543555220056,0.4205936830457401,0.4606459546523173,0.3588110735673661,0.43585970858166145,0.4266042412372969
0.5555650688706725,0.56620904577951,0.5335773226120514,0.5662736282316336,0.558801511500516,0.5569968580580126,0.5503228230523665,0.4160452399961131,0.5536288145780401,0.5584980703230226
0.5207139663524804,0.5271256414426418,0.48841464555741176,0.49700208547717645,0.5330157461786574,0.5235908028427698,0.4795784140648897,0.3785963518205553,0.5162244767454819,0.5244835976668719
0.769373082663304,0.7229789543019757,0.7708850279585627,0.6925262635526735,0.7485472215120211,0.6665549735102586,0.6920976451952585,0.4441951144024655,0.7456107423793711,0.7447557929774554
0.48776144199094984,0.504503580080166,0.49033637718846484,0.5174142322194902,0.5092866294575797,0.5067791238570569,0.5038868888821092,0.46469331709684164,0.4836049627201438,0.5283762137422309
0.5584626704519831,0.5431755140035378,0.49233894208413664,0.5343185386630721,0.5547379983170124,0.5535173207876057,0.5560047779957757,0.5498067026245533,0.5451275121847415,0.5564418293444233
0.5925973122890461,0.5927879578026787,0.532473899961861,0.5970166778249867,0.5996317126948495,0.5983605702973915,0.5952188307560072,0.4342631341576777,0.5879962347629291,0.6070130887766436
0.4580250640996063,0.4679217953916673,0.4485575730278228,0.4693691095954979,0.4724033566059078,0.4787423186534559,0.4500339006151166,0.43020708095901755,0.4457926335029951,0.46596933528705486
0.526090054314893,0.5207509019644129,0.5228246922141894,0.5167403516349875,0.5205472173950317,0.5185684627354685,0.4969705475495369,0.4786889182322409,0.5238508996139043,0.5226467531317063
0.5209577936193038,0.5293674694875125,0.4813887511993483,0.48359521263385935,0.5313962433305305,0.5142141850652195,0.5009056359891699,0.4057725979816551,0.529558436275718,0.5279623704567569
0.40274040323445914,0.38073179682348207,0.42209139025963244,0.37231287808740415,0.39870554048244455,0.3926640911204206,0.38090100046590447,0.35683281128696903,0.399243537169173,0.3930635049557135
0.5156129511722544,0.5148653715752702,0.472602735421066,0.4888239104873711,0.5069893125062791,0.5204529969895129,0.517095238080977,0.3955226717584698,0.5067467031772662,0.5212097956307352
0.521718470918387,0.5073848625149577,0.510167203700044,0.503841268244979,0.5129515400800034,0.5056093808518037,0.49336357690107296,0.4281217122911577,0.5257414052208805,0.5003067695665436
0.5004894902678344,0.47622826276466307,0.47953619872858083,0.46461910508385074,0.47991865807846024,0.49149277943373926,0.47795801451877246,0.400212467199779,0.485875503884044,0.48582506218506505
0.504708671001317,0.4872089522304431,0.49235049179255985,0.4952214295188305,0.5015841956887066,0.4983733097908627,0.4776893048945722,0.3657693094521995,0.5059836443147296,0.5121817939219374
0.5493949707498746,0.5112536804198456,0.533839026116026,0.5285398768443214,0.5308108893648633,0.5259322980033766,0.5151835551338052,0.43682563645036837,0.5463731881616827,0.5076142132215973
0.6249338427985066,0.5759446280624708,0.6001660147242601,0.5850773405268658,0.5860580037646059,0.5974693076486637,0.5835750967680419,0.4480847267578073,0.6268256629268766,0.5902130648273362
0.5912958928790605,0.5918083285002498,0.5142319951483069,0.6088618253601797,0.605854593348211,0.5824827963269708,0.5737133109524872,0.38259789491595614,0.580752984549463,0.6029730926510313
0.5933650889494531,0.5423330769852366,0.5575175243268234,0.496891233298579,0.5352195760600726,0.5713111583920916,0.5277525719409548,0.4230607417978682,0.5969086427360863,0.5568933694664024
0.5110716706711127,0.512503682478179,0.4947796374194612,0.5171534075697375,0.5054362109952242,0.5176984448782938,0.482228893366717,0.4302314695494629,0.4995997115428121,0.5076108804502619
0.6337946538088246,0.586513022091489,0.6220175520833372,0.6743798352802441,0.6466551749534905,0.5618430559150076,0.6377671536501814,0.5572635261662379,0.6372650126099246,0.6074856133496479
0.6043290329301236,0.5886312148052949,0.5793342299522678,0.5498910624022713,0.59675600062764,0.5982781320412858,0.5700871857945818,0.4638510457384658,0.6040841147970489,0.5818004535942422
0.5399436875162221,0.5056002846881448,0.5306853149429172,0.5213898096999515,0.5193951175063072,0.5334342760524785,0.5073428816721866,0.43319636128883315,0.5370987678020113,0.5118116695605935
0.5315936457731526,0.5504075257344037,0.4755290851331612,0.49466661067274553,0.5536103829463112,0.5406850934726936,0.5389872396499469,0.3789632870781911,0.5359262782479866,0.5531767551194368
0.4339489411234143,0.4211592598537815,0.41724747561375636,0.4558802110732884,0.44873066679691004,0.4398218444800246,0.4247715813432689,0.38892677258967046,0.4326597130903927,0.4475215574129204
0.5049945922491057,0.5007599732029462,0.5232532791868283,0.5150367909235275,0.5047987315967831,0.509540964903208,0.5357399266527467,0.421835475853109,0.5114457840425404,0.5158161697795707
0.4459823452478154,0.4485554809824919,0.42872409252358074,0.4298524192215597,0.44646818661539106,0.439622143885672,0.43691865718759915,0.36231378698385075,0.44703554400374296,0.437549719053697
0.4202960107495909,0.419615777185546,0.39784520440675664,0.3807689470738465,0.4228119517171372,0.41082916974190375,0.4342426228213601,0.3297708758462201,0.42073456402587744,0.4279358860754451
0.5140719666610162,0.5075701607986712,0.49012540505103513,0.4995398895441874,0.5148291666916639,0.5223116617317514,0.5009883792639471,0.4293621466286663,0.5119254898998469,0.5190984252436637
0.5580939968910957,0.5507860786378761,0.5391287643720787,0.5408676332803122,0.5726796693543503,0.5551560003170876,0.5895391224295754,0.4147458460706341,0.5574905497437155,0.5761535513054091
0.6081470490158248,0.5956802783403249,0.569259285969496,0.6021765966780742,0.6046292369805187,0.5958848360622139,0.5830920888693558,0.4229451836152341,0.6007257835459264,0.6127380333967477
0.7227913332384491,0.6582632220435908,0.6909150074034104,0.5645725910583489,0.6488802050577012,0.6706518503991971,0.6221169354966157,0.38987684682981344,0.732603996545531,0.6533896300414246
0.581492341780547,0.48061916446079983,0.5734057511125588,0.5298501315262865,0.5381061965237773,0.5391277020415249,0.5109376502660694,0.47096183322276786,0.5750037698112144,0.5314605609113313
0.506195219360026,0.5016417603215277,0.460314276085785,0.4939200182893653,0.4889995932606859,0.5008411241462214,0.49647044495518766,0.3963154504769569,0.49815311160194575,0.4954098440619252
0.6065787543585458,0.6024311427740693,0.5648482719921811,0.6017393878310758,0.5967301136445807,0.6055430878040312,0.5711036107233552,0.41640464225994533,0.5931376930921103,0.5963069935351286
0.5526851177002048,0.5462316225961098,0.5752231477722833,0.5319108934411012,0.551262093114296,0.5554391858229643,0.5343287405512976,0.4182703506065899,0.5498720803846636,0.5224972420910647
0.7231738864942199,0.7207005427342414,0.5909235417653755,0.7010829942651903,0.6948970819314599,0.7040719670077917,0.7079029822622092,0.4118005213736364,0.7151021015773565,0.7437310241956229
0.42540443958923946,0.41915002401014156,0.45164182617995063,0.41708699260949,0.4143386267876443,0.41811878031946115,0.4190841690472719,0.3745947808280971,0.43034360738523625,0.40458717686897344
0.5835247802295935,0.6070616872335826,0.5557958653481129,0.5152886596750603,0.5639375790085943,0.5922666318819445,0.5309392844047043,0.4236047174712822,0.569221784370521,0.5404595339153673
0.515092607493389,0.49566435619417387,0.48825923616408584,0.5067695976877563,0.5012295175180386,0.5096337615066455,0.49453271307114144,0.4292711920829004,0.509302131666836,0.4981029374545289
0.6370451997098477,0.5938736837415524,0.6420177838530629,0.48062973908663736,0.6337115500886491,0.6225545778754601,0.6043529307255711,0.41746439612601566,0.6327879092603355,0.649255198166896
0.5098228939628194,0.5057286954351818,0.4728922203142125,0.5006667593348308,0.5121314307668978,0.5108098606972341,0.5054567916894576,0.44590610371020095,0.5056445968518342,0.5081847626941713
0.5880220212591587,0.605668937985751,0.5319740909119879,0.5611919761697853,0.6044776438134328,0.5949677661446606,0.5885141900617068,0.3985050268183082,0.5739296581036276,0.6075765036890904
0.437678208253435,0.42509832530124647,0.4091637997817893,0.42574910350470124,0.429374480348234,0.42134981263537175,0.4499382005677073,0.34367473057489034,0.43189363843397216,0.43304241087117457
0.5787345993374203,0.5706578999500485,0.6057544768413045,0.49896554853021524,0.5672399835894978,0.5728894376226163,0.546627242319115,0.4361974330419686,0.580736802164894,0.563398059134185
0.48796501087794086,0.49659750233404176,0.4733178644705423,0.48387110034952574,0.48640854759762087,0.49234130880971433,0.4900129086514188,0.4000951176148392,0.48107955206732034,0.479226496381706
0.4813385043418978,0.5009175916965702,0.45513169008139454,0.47525302651933077,0.5033176280365518,0.49604534225428754,0.5124966026834602,0.3709096312010791,0.4654129809167827,0.49788889067284947
